mean,std,median,min,max,mode
-22.08882114909417,186.45723583637232,-26.099895248398067,-681.463413295289,979.93434395627,-681.463413295289
